cd type,name,slug,latin_name,short_description,long_description,difficulty,lifecycle,watering_req,climate_req,space_req,pests_req,fertilizers_req,sowing_pot,sowing_soil,sowing_hydroponics,related_page,icon_emoji
Cultivo,Lechuga,lechuga,Lactuca sativa,"Crujiente y refrescante, ideal para ensaladas r√°pidas y frescas.","La lechuga es una hortaliza de hoja verde que se cultiva por sus hojas tiernas y sabrosas. Es un cultivo de ciclo corto, perfecto para huertos urbanos y principiantes por su f√°cil manejo y r√°pido crecimiento.",F√°cil,"Siembra;Germinaci√≥n (5-10 d√≠as);Crecimiento de hojas (30-40 d√≠as);Cosecha","Riego frecuente pero moderado, mantener el suelo h√∫medo.","Clima templado, evitar calor extremo (15-20¬∞C).","20-30 cm entre plantas.","Pulgones, babosas y caracoles.","Compost o abono rico en nitr√≥geno al inicio del cultivo.","Macetas de al menos 20cm de profundidad. Usar sustrato ligero.","Siembra directa en surcos poco profundos, o en semilleros para trasplante.","Excelente para sistemas NFT y de ra√≠z flotante.","/cultivos/lechuga",ü•¨
Cultivo,Tomate,tomate,Solanum lycopersicum,"Fruto jugoso y vers√°til, esencial en la cocina colombiana.","El tomate es una de las hortalizas m√°s populares y cultivadas en el mundo. Requiere m√°s cuidados que la lechuga, como tutores para sostener su crecimiento y podas regulares, pero la recompensa es una cosecha abundante y sabrosa.",Media,"Siembra;Germinaci√≥n (6-14 d√≠as);Crecimiento vegetativo y floraci√≥n (40-60 d√≠as);Fructificaci√≥n y maduraci√≥n (60-90 d√≠as);Cosecha","Riego regular y profundo, especialmente durante la floraci√≥n y fructificaci√≥n. Evitar mojar las hojas.","Clima c√°lido y soleado, necesita al menos 6 horas de sol directo (21-29¬∞C).","40-60 cm entre plantas, necesita tutores o jaulas.","Mosca blanca, ara√±a roja, mildiu.","Abono equilibrado rico en potasio y f√≥sforo durante la floraci√≥n.","Macetas grandes, de m√≠nimo 40cm de profundidad. Buen drenaje es crucial.","Trasplantar las pl√°ntulas cuando tengan 4-6 hojas verdaderas.","Apto para sistemas de goteo con sustratos como fibra de coco o perlita.","/cultivos/tomate",üçÖ
Cultivo,Ma√≠z,maiz,Zea mays,"Un pilar de la alimentaci√≥n colombiana, desde arepas hasta mazamorra.","El ma√≠z es un cultivo fundamental en la cultura y dieta de Colombia. Su cultivo a gran escala es complejo, pero es posible tener una peque√±a plantaci√≥n en un huerto grande, prestando atenci√≥n a la polinizaci√≥n para obtener buenas mazorcas.",Dif√≠cil,"Siembra;Germinaci√≥n (7-10 d√≠as);Crecimiento r√°pido (30-60 d√≠as);Polinizaci√≥n y formaci√≥n de mazorca (60-80 d√≠as);Cosecha (90-120 d√≠as)","Requiere mucha agua, especialmente durante la polinizaci√≥n y llenado de grano.","Clima c√°lido y mucho sol. Sensible a las heladas.","Plantar en bloques (ej. 4x4) en lugar de una sola fila para asegurar la polinizaci√≥n por viento. 30-40 cm entre plantas.","Gusano cogollero, p√°jaros.","Muy exigente en nitr√≥geno. Requiere abonado fuerte.","No recomendado para macetas debido a su tama√±o y necesidad de polinizaci√≥n cruzada.","Siembra directa en el suelo cuando la temperatura sea consistentemente c√°lida.","No es una opci√≥n com√∫n o pr√°ctica para el cultivo de ma√≠z.","/cultivos/maiz",üåΩ
Cultivo,Papa,papa,Solanum tuberosum,"Tub√©rculo vers√°til y fundamental en la gastronom√≠a andina.","La papa es un cultivo esencial en las zonas fr√≠as de Colombia. Se cultiva por sus tub√©rculos ricos en almid√≥n. Requiere suelos bien drenados y es sensible a la humedad excesiva, que puede causar enfermedades.",Media,"Siembra de tub√©rculos;Brotaci√≥n (15-25 d√≠as);Crecimiento vegetativo (30-50 d√≠as);Tuberizaci√≥n (50-90 d√≠as);Cosecha (100-140 d√≠as)","Riego moderado. Mantener humedad sin encharcar. Suspender riego antes de la cosecha.","Clima fr√≠o a templado (10-20¬∞C). Sensible a heladas tard√≠as.","30-40 cm entre plantas, en surcos de 70-90 cm de separaci√≥n.","Gota (Phytophthora infestans), pulguilla.","Rico en f√≥sforo y potasio para el desarrollo de tub√©rculos.","Posible en macetas o sacos muy grandes (m√°s de 50L), aporcando tierra a medida que crece.","Sembrar trozos de papa con ""ojos"" (brotes) en surcos y cubrir con tierra.","Poco com√∫n, pero posible en sistemas de aeropon√≠a.","/cultivos/papa",ü•î
Cultivo,Caf√©,cafe,Coffea arabica,"El grano insignia de Colombia, famoso por su aroma y sabor suave.","El caf√© es un arbusto perenne que produce las famosas cerezas de caf√©. Es un cultivo de largo plazo que requiere condiciones espec√≠ficas de altitud y clima. Es el coraz√≥n de la econom√≠a en muchas regiones monta√±osas del pa√≠s.",Dif√≠cil,"Siembra (alm√°cigo);Trasplante (6-12 meses);Crecimiento (2-3 a√±os);Primera floraci√≥n y cosecha (a partir del 3er a√±o);Producci√≥n continua","Riego constante, especialmente en √©pocas secas. Buen drenaje es vital.","Zonas monta√±osas subtropicales (1.200-1.800 msnm), con temperaturas de 18-24¬∞C y sombra parcial.","2-3 metros entre plantas.","Broca del caf√©, roya.","Abonos ricos en nitr√≥geno, f√≥sforo y potasio, aplicados en ciclos.","Se puede mantener como planta ornamental en macetas grandes, pero la producci√≥n ser√° limitada.","Se siembra en alm√°cigos y luego se trasplantan las pl√°ntulas al campo definitivo.","No es viable para producci√≥n comercial.","/cultivos/cafe",‚òï
Cultivo,Banano,banano,Musa paradisiaca,"Fruta tropical energ√©tica y rica en potasio, cultivada en zonas c√°lidas.","La planta de banano es una hierba gigante que produce racimos de fruta. Es un cultivo de r√°pido crecimiento en climas tropicales que requiere grandes cantidades de agua y nutrientes para ser productivo.",Media,"Siembra de cormos o hijuelos;Crecimiento vegetativo (9-12 meses);Floraci√≥n y formaci√≥n del racimo;Cosecha del racimo (3-4 meses despu√©s de floraci√≥n)","Abundante y regular. Es una planta que consume mucha agua.","Clima c√°lido y h√∫medo (26-30¬∞C). No tolera el fr√≠o.","M√≠nimo 3x3 metros por planta.","Sigatoka negra, picudo negro.","Muy exigente en potasio y nitr√≥geno. Requiere fertilizaci√≥n constante.","No pr√°ctico para producci√≥n de fruta, solo como ornamental muy grande.","Se siembran los cormos o hijuelos directamente en el suelo bien preparado.","Inviable a escala productiva.","/cultivos/banano",üçå
Funcionalidad,Mapa Interactivo,"",,"Explora cultivos ideales para cada zona de Colombia.","Permite a los usuarios navegar por un mapa de Colombia y ver marcadores de diferentes cultivos en las regiones donde son comunes. Al hacer clic en un marcador, el usuario es redirigido a la ficha t√©cnica del cultivo.",F√°cil,"",,,,,,,,,,"/",""
Funcionalidad,Detector de plantas por IA,"",,"Identifica plantas y eval√∫a su salud a partir de una foto.","El usuario sube una foto de una planta. La IA la analiza y devuelve el nombre de la especie, una evaluaci√≥n de su salud (sana o con problemas) y recomendaciones de cuidado como riego y luz solar.",F√°cil,"",,,,,,,,,,"/detectar",""
Recurso,Gu√≠a para Docentes: Mi Primera Huerta Escolar,"",,"Manual para iniciar un proyecto de huerta escolar.","Un manual completo para iniciar un proyecto de huerta en instituciones educativas de primaria y secundaria.",N/A,"",,,,,,,,,,"/guias/guia-huerta-escolar.pdf",""
Recurso,Proyecto de Aula: Cultivos por Temporada,"",,"Actividades para ense√±ar sobre ciclos de siembra.","Actividades y proyectos gamificados para ense√±ar sobre los ciclos de siembra y cosecha seg√∫n la temporada.",N/A,"",,,,,,,,,,"/guias/proyecto-cultivos-temporada.pdf",""
Recurso,Mapa de Cultivos para Colorear,"",,"Recurso did√°ctico para ni√±os sobre la diversidad agr√≠cola.","Recurso did√°ctico para que los m√°s peque√±os aprendan sobre la diversidad agr√≠cola de las regiones de Colombia.",N/A,"",,,,,,,,,,"/guias/mapa-cultivos-colorear.pdf",""
Cultivo,Cacao,cacao,Theobroma cacao,"La base del chocolate, un tesoro de las zonas tropicales h√∫medas.","El cacao es un √°rbol tropical del que se obtienen los granos para hacer chocolate. Requiere un clima c√°lido, h√∫medo y sombra para prosperar, similar al caf√©.",Dif√≠cil,"Siembra;Crecimiento (3-5 a√±os);Floraci√≥n y cosecha (continua despu√©s de 5 a√±os)","Riego regular, no tolera la sequ√≠a.","Clima tropical h√∫medo (20-30¬∞C), requiere sombra de √°rboles m√°s grandes.","3-4 metros entre √°rboles.","Monilia, escoba de bruja.","Abonos org√°nicos y fertilizantes balanceados.","Muy dif√≠cil, solo como curiosidad ornamental.","Se siembran semillas o pl√°ntulas injertadas en el campo definitivo.","Inviable.","/cultivos/cacao",""
Cultivo,Aguacate,aguacate,Persea americana,"Fruto cremoso y nutritivo, ""oro verde"" de Colombia.","El aguacate es un √°rbol que produce un fruto muy apreciado a nivel mundial. Existen muchas variedades adaptadas a diferentes climas, desde templados a c√°lidos. El buen drenaje del suelo es el factor m√°s cr√≠tico para su √©xito.",Media,"Siembra;Crecimiento a √°rbol productivo (3-5 a√±os si es injertado);Floraci√≥n y cuajado de frutos;Cosecha","Riego profundo y poco frecuente. Evitar encharcamiento a toda costa.","Var√≠a seg√∫n la variedad, pero generalmente climas templados a c√°lidos sin heladas.","5-8 metros entre √°rboles.","Tristeza del aguacatero (hongo de ra√≠z), barrenadores del tronco.","Fertilizantes balanceados, con √©nfasis en nitr√≥geno en etapas j√≥venes y potasio en producci√≥n.","Posible en macetas muy grandes (m√°s de 100L) pero poco productivo.","Plantar √°rboles injertados para asegurar la calidad del fruto.","Inviable.","/cultivos/aguacate",""
Funcionalidad,Comunidad de Agricultores,"",,"Foro o red social para conectar a los usuarios.","Una futura secci√≥n donde los usuarios puedan registrarse, compartir fotos de sus huertos, hacer preguntas y responder dudas de otros miembros de la comunidad. Fomentar√≠a el aprendizaje colaborativo.",N/A,"",,,,,,,,,,"/comunidad",""
